{"vals_perfect": [0.1442108154296875, -0.3239440917968748, -0.6129760742187498, -0.8004989624023438, -0.925262451171875, -1.0090103149414062, -1.0653839111328125, -1.102325439453125, -1.1256027221679688, -1.138946533203125, -1.1449661254882812, -1.1456069946289062, -1.1426773071289062, -1.1366348266601562, -1.1285552978515625, -1.1193084716796875, -1.108917236328125, -1.0980224609375, -1.0868301391601562, -1.0753631591796875, -1.064239501953125, -1.053436279296875, -1.042999267578125, -1.032928466796875, -1.023590087890625, -1.0148239135742188, -1.00665283203125, -0.9990310668945312, -0.9922332763671873, -0.9858016967773438, -0.9801483154296873, -0.97515869140625, -0.9708099365234373, -0.966827392578125, -0.9633026123046875, -0.9603500366210938, -0.9576034545898438, -0.955291748046875, -0.953460693359375, -0.9516067504882812, -0.9501876831054688, -0.9490203857421875, -0.9478759765625, -0.9469833374023438, -0.94622802734375, -0.945472717285156, -0.9448776245117188, -0.9445343017578125, -0.9441452026367188, -0.9438705444335938, -0.9436645507812498, -0.9432296752929688, -0.9431381225585935, -0.9430923461914062], "vals_ideal": [0.14453125, -0.3242187499999998, -0.61279296875, -0.80029296875, -0.925537109375, -1.009033203125, -1.0654296875, -1.10205078125, -1.12548828125, -1.138671875, -1.145263671875, -1.145263671875, -1.142333984375, -1.136474609375, -1.12841796875, -1.11962890625, -1.108642578125, -1.09765625, -1.086669921875, -1.07568359375, -1.06396484375, -1.0537109375, -1.042724609375, -1.033203125, -1.023681640625, -1.014892578125, -1.0068359375, -0.998779296875, -0.9921875, -0.985595703125, -0.98046875, -0.9753417968749998, -0.9709472656249998, -0.966552734375, -0.9628906249999998, -0.9606933593749998, -0.957763671875, -0.95556640625, -0.953369140625, -0.951904296875, -0.950439453125, -0.9489746093749998, -0.947509765625, -0.9467773437499998, -0.946044921875, -0.9453125, -0.94384765625, -0.9445800781249998, -0.94384765625, -0.94384765625, -0.94384765625, -0.9431152343749998, -0.9431152343749998, -0.9431152343749998], "vals_trotter_4": [0.14672851562500044, -0.3220214843749998, -0.6105957031249998, -0.798828125, -0.92333984375, -1.007568359375, -1.06396484375, -1.1005859375, -1.1240234375, -1.137939453125, -1.143798828125, -1.14453125, -1.1416015625, -1.1357421875, -1.127685546875, -1.1181640625, -1.10791015625, -1.096923828125, -1.0859375, -1.074951171875, -1.063232421875, -1.052978515625, -1.0419921875, -1.032470703125, -1.02294921875, -1.01416015625, -1.006103515625, -0.998779296875, -0.9914550781249998, -0.985595703125, -0.979736328125, -0.974609375, -0.9709472656249998, -0.966552734375, -0.9628906249999998, -0.9599609375, -0.957763671875, -0.9548339843749998, -0.953369140625, -0.9511718749999998, -0.94970703125, -0.9489746093749998, -0.947509765625, -0.9467773437499998, -0.946044921875, -0.9453125, -0.94384765625, -0.9445800781249998, -0.94384765625, -0.94384765625, -0.94384765625, -0.9431152343749998, -0.9431152343749998, -0.9431152343749998], "vals_trotter_10": [0.14453125, -0.323486328125, -0.61279296875, -0.80029296875, -0.9248046874999998, -1.009033203125, -1.0654296875, -1.10205078125, -1.12548828125, -1.138671875, -1.14453125, -1.145263671875, -1.142333984375, -1.136474609375, -1.12841796875, -1.118896484375, -1.108642578125, -1.09765625, -1.086669921875, -1.074951171875, -1.06396484375, -1.052978515625, -1.042724609375, -1.032470703125, -1.023681640625, -1.014892578125, -1.0068359375, -0.998779296875, -0.9921875, -0.985595703125, -0.98046875, -0.9753417968749998, -0.9709472656249998, -0.966552734375, -0.9628906249999998, -0.9606933593749998, -0.957763671875, -0.95556640625, -0.953369140625, -0.951904296875, -0.950439453125, -0.9489746093749998, -0.947509765625, -0.9467773437499998, -0.946044921875, -0.9453125, -0.94384765625, -0.9445800781249998, -0.94384765625, -0.94384765625, -0.94384765625, -0.9431152343749998, -0.9431152343749998, -0.9431152343749998], "Rs": [0.2, 0.25, 0.3, 0.35, 0.4, 0.45, 0.5, 0.55, 0.6, 0.65, 0.7, 0.75, 0.8, 0.85, 0.9, 0.95, 1.0, 1.05, 1.1, 1.15, 1.2, 1.25, 1.3, 1.35, 1.4, 1.45, 1.5, 1.55, 1.6, 1.65, 1.7, 1.75, 1.8, 1.85, 1.9, 1.95, 2.0, 2.05, 2.1, 2.15, 2.2, 2.25, 2.3, 2.35, 2.4, 2.45, 2.5, 2.55, 2.6, 2.65, 2.7, 2.75, 2.8, 2.85]}