{"vals_perfect": [], "vals_ideal": [0.14453125, -0.3242187499999998, -0.6142578124999998, -0.8017578124999998, -0.9248046874999998, -1.009765625, -1.0654296875, -1.103515625, -1.126953125, -1.138671875, -1.14453125, -1.14453125, -1.1416015625, -1.1357421875, -1.1298828125, -1.1181640625, -1.109375, -1.09765625, -1.0859375, -1.07421875, -1.0654296875, -1.0537109375, -1.0419921875, -1.033203125, -1.0244140625, -1.015625, -1.0068359375, -0.998046875, -0.9921875, -0.986328125, -0.98046875, -0.974609375, -0.9716796875, -0.9658203125, -0.9628906249999998, -0.9599609375, -0.9570312499999998, -0.9541015625, -0.9541015625, -0.9511718749999998, -0.9511718749999998, -0.9482421875, -0.9482421875, -0.9453125, -0.9453125, -0.9453125, -0.9453125, -0.9453125, -0.9453125, -0.9423828125, -0.9453125, -0.9423828125, -0.9423828125, -0.9423828125], "vals_trotter_4": [0.1474609375, -0.3212890625, -0.611328125, -0.798828125, -0.9248046874999998, -1.0068359375, -1.0625, -1.1005859375, -1.1240234375, -1.138671875, -1.14453125, -1.14453125, -1.1416015625, -1.1357421875, -1.126953125, -1.1181640625, -1.109375, -1.09765625, -1.0859375, -1.07421875, -1.0625, -1.0537109375, -1.0419921875, -1.033203125, -1.0244140625, -1.015625, -1.0068359375, -0.998046875, -0.9921875, -0.986328125, -0.98046875, -0.974609375, -0.9716796875, -0.9658203125, -0.9628906249999998, -0.9599609375, -0.9570312499999998, -0.9541015625, -0.9541015625, -0.9511718749999998, -0.9511718749999998, -0.9482421875, -0.9482421875, -0.9453125, -0.9453125, -0.9453125, -0.9453125, -0.9453125, -0.9453125, -0.9423828125, -0.9453125, -0.9423828125, -0.9423828125, -0.9423828125], "vals_trotter_10": [0.14453125, -0.3242187499999998, -0.611328125, -0.798828125, -0.9248046874999998, -1.009765625, -1.0654296875, -1.103515625, -1.1240234375, -1.138671875, -1.14453125, -1.14453125, -1.1416015625, -1.1357421875, -1.126953125, -1.1181640625, -1.109375, -1.09765625, -1.0859375, -1.07421875, -1.0654296875, -1.0537109375, -1.0419921875, -1.033203125, -1.0244140625, -1.015625, -1.0068359375, -0.998046875, -0.9921875, -0.986328125, -0.98046875, -0.974609375, -0.9716796875, -0.9658203125, -0.9628906249999998, -0.9599609375, -0.9570312499999998, -0.9541015625, -0.9541015625, -0.9511718749999998, -0.9511718749999998, -0.9482421875, -0.9482421875, -0.9453125, -0.9453125, -0.9453125, -0.9453125, -0.9453125, -0.9453125, -0.9423828125, -0.9453125, -0.9423828125, -0.9423828125, -0.9423828125], "Rs": [0.2, 0.25, 0.3, 0.35, 0.4, 0.45, 0.5, 0.55, 0.6, 0.65, 0.7, 0.75, 0.8, 0.85, 0.9, 0.95, 1.0, 1.05, 1.1, 1.15, 1.2, 1.25, 1.3, 1.35, 1.4, 1.45, 1.5, 1.55, 1.6, 1.65, 1.7, 1.75, 1.8, 1.85, 1.9, 1.95, 2.0, 2.05, 2.1, 2.15, 2.2, 2.25, 2.3, 2.35, 2.4, 2.45, 2.5, 2.55, 2.6, 2.65, 2.7, 2.75, 2.8, 2.85]}