{"vals_perfect": [0.1442108154296875, -0.3239440917968748, -0.6129760742187498, -0.8004989624023438, -0.925262451171875, -1.0090103149414062, -1.0653839111328125, -1.102325439453125, -1.1256027221679688, -1.138946533203125, -1.1449661254882812, -1.1456069946289062, -1.1426773071289062, -1.1366348266601562, -1.1285552978515625, -1.1193084716796875, -1.108917236328125, -1.0980224609375, -1.0868301391601562, -1.0753631591796875, -1.064239501953125, -1.053436279296875, -1.042999267578125, -1.032928466796875, -1.023590087890625, -1.0148239135742188, -1.00665283203125, -0.9990310668945312, -0.9922332763671873, -0.9858016967773438, -0.9801483154296873, -0.97515869140625, -0.9708099365234373, -0.966827392578125, -0.9633026123046875, -0.9603500366210938, -0.9576034545898438, -0.955291748046875, -0.953460693359375, -0.9516067504882812, -0.9501876831054688, -0.9490203857421875, -0.9478759765625, -0.9469833374023438, -0.94622802734375, -0.945472717285156, -0.9448776245117188, -0.9445343017578125, -0.9441452026367188, -0.9438705444335938, -0.9436645507812498, -0.9432296752929688, -0.9431381225585935, -0.9430923461914062], "vals_ideal": [0.15625, -0.3124999999999998, -0.59375, -0.7812499999999998, -0.921875, -1.015625, -1.0625, -1.109375, -1.109375, -1.15625, -1.15625, -1.15625, -1.15625, -1.15625, -1.109375, -1.109375, -1.109375, -1.109375, -1.109375, -1.0625, -1.0625, -1.0625, -1.0625, -1.015625, -1.015625, -1.015625, -1.015625, -1.015625, -1.015625, -0.96875, -0.96875, -0.96875, -0.96875, -0.96875, -0.96875, -0.96875, -0.96875, -0.96875, -0.96875, -0.96875, -0.96875, -0.96875, -0.96875, -0.921875, -0.921875, -0.921875, -0.921875, -0.921875, -0.921875, -0.921875, -0.921875, -0.921875, -0.921875, -0.921875], "vals_trotter_4": [0.15625, -0.3124999999999998, -0.59375, -0.7812499999999998, -0.921875, -1.015625, -1.0625, -1.109375, -1.109375, -1.15625, -1.15625, -1.15625, -1.15625, -1.15625, -1.109375, -1.109375, -1.109375, -1.109375, -1.109375, -1.0625, -1.0625, -1.0625, -1.0625, -1.015625, -1.015625, -1.015625, -1.015625, -1.015625, -1.015625, -0.96875, -0.96875, -0.96875, -0.96875, -0.96875, -0.96875, -0.96875, -0.96875, -0.96875, -0.96875, -0.96875, -0.96875, -0.96875, -0.96875, -0.921875, -0.921875, -0.921875, -0.921875, -0.921875, -0.921875, -0.921875, -0.921875, -0.921875, -0.921875, -0.921875], "vals_trotter_10": [0.15625, -0.3124999999999998, -0.59375, -0.7812499999999998, -0.921875, -1.015625, -1.0625, -1.109375, -1.109375, -1.15625, -1.15625, -1.15625, -1.15625, -1.15625, -1.109375, -1.109375, -1.109375, -1.109375, -1.109375, -1.0625, -1.0625, -1.0625, -1.0625, -1.015625, -1.015625, -1.015625, -1.015625, -1.015625, -1.015625, -0.96875, -0.96875, -0.96875, -0.96875, -0.96875, -0.96875, -0.96875, -0.96875, -0.96875, -0.96875, -0.96875, -0.96875, -0.96875, -0.96875, -0.921875, -0.921875, -0.921875, -0.921875, -0.921875, -0.921875, -0.921875, -0.921875, -0.921875, -0.921875, -0.921875], "Rs": [0.2, 0.25, 0.3, 0.35, 0.4, 0.45, 0.5, 0.55, 0.6, 0.65, 0.7, 0.75, 0.8, 0.85, 0.9, 0.95, 1.0, 1.05, 1.1, 1.15, 1.2, 1.25, 1.3, 1.35, 1.4, 1.45, 1.5, 1.55, 1.6, 1.65, 1.7, 1.75, 1.8, 1.85, 1.9, 1.95, 2.0, 2.05, 2.1, 2.15, 2.2, 2.25, 2.3, 2.35, 2.4, 2.45, 2.5, 2.55, 2.6, 2.65, 2.7, 2.75, 2.8, 2.85]}